Prolongacion Naranjal,Entrada Al Templo Huaca El Paraiso,Calle Uranio,El Sol de Naranjal,Avenida Josefina
Entrada Al Templo Huaca El Paraiso,Prolongacion Naranjal
Calle Uranio,Prolongacion Naranjal
El Sol De Naranjal,Prolongacion Naranjal,Avenida Josefina,San Nicolas,Los Eucaliptos,Avenida Paramonga,Los Claveles,Calle Las Palmas,Las Gardenias,Circa Patria,Avenida Central,Avenida Pacasmayo,Los Geranios 2,Jiron Las Americas,Avenida San Jose,Los Portales de Chavin,Calle Los Ficus,Calle Los Claveles,Avenida Naranjal,Avenida Canta Callao,Miguel Grau
Avenida Josefina,Avenida Paramonga,El Sol De Naranjal,Avenida Naranjal,Prolongacion Naranjal,Las Torres De Los Olivos
Avenida Naranjal,Avenida Josefina,San Nicolas,Calle E,Calle Uranio,Avenida Paramonga,Los Claveles,Las Gardenias,Avenida Central,Calle 28 De Mayo,Avenida Pacasmayo,Calle Las Orquideas,Calle Los Petalos,Jiron Las Americas,Santa Cruz,Santa Rosa,Calle Las Violetas,Virgen Del Rosario,Jircan,Calle Llata,San Sebastian,Avenida Canta Callao,Auxiliar Avenida Canta Callao
Calle E,Avenida Naranjal,Los Pacaes,Avenida El Sauce
Calle 28 De Mayo,Avenida Naranjal,Los Cedros,Los Alelis,Las Cantutas
Calle Los Petalos,Avenida Naranjal
Avenida Paramonga,Avenida Josefina,San Nicolas,El Sol De Naranjal,Los Eucaliptos,El Olivar
Santa Cruz,Avenida Naranjal
Santa Rosa,Avenida Naranjal
Calle Las Violetas,Avenida Naranjal
Virgen Del Rosario,Avenida Naranjal
Calle Llata,Avenida Naranjal,Avenida Tantamayo
San Nicolas,El Sol De Naranjal,Avenida Paramonga,Los Nogales,El Olivar,Las Gardenias,Calle Los Jazmines,Los Geranios 1,Avenida Los Alisos
Los Eucaliptos,El Sol De Naranjal,Las Gardenias,El Olivar,Los Nogales,Avenida Paramonga
Los Claveles,El Sol De Naranjal
Calle Las Palmas,El Sol De Naranjal
Las Gardenias,El Sol De Naranjal
Circa Patria,El Sol De Naranjal
Avenida Central,El Sol De Naranjal,El Olivar
Avenida Pacasmayo,El Sol De Naranjal,El Olivar,Calle Bolognesi,Avenida Los Alisos,Avenida Santa Rosa,San Pablo,Avenida Antigua Pacasmayo,Avenida Carlos Izaguirre,Calle Las Palmeras 2
Los Geranios 2,El Sol De Naranjal,Calle Jose Olaya,Calle Maria Parado De Bellido
Jiron Las Americas,El Sol De Naranjal,Circa Las Dalias
Miguel Grau,El Sol De Naranjal
Avenida San Jose,El Sol De Naranjal,San Agustin,Los Robles,Calle Progreso,Los Canamos,Calle Las Esmeraldas,Jiron Los Pinares,Avenida Los Alisos
Los Portales de Chavin,El Sol De Naranjal
Calle Los Claveles,El Sol De Naranjal
Calle Los Ficus,El Sol De Naranjal,Calle Los Nogales,Jiron Los Robles
Avenida Canta Callao,El Sol De Naranjal,Auxiliar Avenida Canta Callao,Mariano Usteriz Y Rivero,Avenida Los Alisos,Avenida Los Olivos,Avenida Carlos Izaguirre,Avenida Los Dominicos,Avenida Pacasmayo,Avenida Alejandro Bertello Bollati,Avenida Canada
Los Nogales,San Nicolas,Las Orquideas,Los Eucaliptos
El Olivar,San Nicolas,Las Orquideas,Los Eucaliptos,Avenida Paramonga
Calle Bolognesi,Avenida Pacasmayo,Calle Alfonso Ugarte
Avenida Los Alisos,Auxiliar Avenida Canta Callao,Avenida Canta Callao,Huascaran,Avenida Los Olivos,Avenida San Jose,Girasoles,Avenida Pacasmayo,Las Margaritas,Santa Isabel,Avenida 200 Millas
Avenida Santa Rosa,Avenida Pacasmayo,Las Margaritas,San Benito de Palermo,Santa Maria,Santa Isabel,Avenida Antigua Pacasmayo,Orquideas
San Pablo,Avenida Pacasmayo,San Benito de Palermo,Libertad,Avenida Antigua Pacasmayo,Tumbes,San Felipe
Avenida Antigua Pacasmayo,Avenida Santa Rosa,San Juan,San Pablo,Avenida Pacasmayo
Avenida Carlos Izaguirre,Avenida Alejandro Bertello Bollati,Avenida Pacasmayo,Auxiliar Avenida Canta Callao,Avenida Canta Callao
Calle Jose Olaya,Los Geranios 2,Calle Alfonso Ugarte
Calle Maria Parado De Bellido,Los Geranios 2
San Agustin,Avenida San Jose,Calle Los Rosales
Los Robles,Avenida San Jose
Calle Progreso,Avenida San Jose,Calle Los Rosales
Los Canamos,Avenda San Jose
Calle Las Esmeraldas,Avenida San Jose,Calle Los Pinos
Jiron Los Pinares,Avenida San Jose,Huascaran
Calle Los Nogales,Calle Los Ficus,Calle Los Girasoles,Calle Los Duraznos,Calle Los Alamos,Auxiliar Avenida Canta Callao
Jiron Los Robles,Calle Los Ficus,Calle Carhuaz
Las Orquideas,Los Nogales,Los Ficus,El Olivar
Calle Alfonso Ugarte,Calle Jose Olaya,Calle Miguel Grau,Calle Bolognesi
Calle Los Jazmines,Calle Los Rosales,Pasaje Las Amapolas,Calle Las Palmeras,San Nicolas
Calle Los Rosales,Calle Los Jazmines
Pasaje Las Amapolas,Calle Los Jazmines,Calle Las Margaritas,Los Geranios 1
Los Geranios 1,Pasaje Las Amapolas,Calle Las Palmeras,San Nicolas
Calle Los Girasoles,Calle Los Nogales
Calle Los Duraznos,Calle Los Nogales
Calle Los Alamos,Calle Los Nogales
Auxiliar Avenida Canta Callao,Avenida Canta Callao,Calle Los Nogales,Calle Los Algarrobos,Avenida Los Alisos,Avenida Los Olivos,Arequipa,Avenida Carlos Izaguirre,Avenida Los Dominicos,Avenida Pacasmayo,Avenida Alejandro Bertello Bollati,Pisac,Avenida Canada
Calle Los Algarrobos,Auxiliar Avenida Canta Callao,Calle Carhuaz,Calle Los Claveles,Los Portales de Chavin
Arequipa,Auxiliar Avenida Canta Callao,Orquideas
Mariano Usteriz Y Rivero,Avenida Canta Callao,Auxiliar Avenida Canta Callao
Avenida Los Olivos,Avenida Los Alisos,Auxiliar Avenida Canta Callao,Avenida Canta Callao
Avenida Los Dominicos,Auxiliar Avenida Canta Callao
Avenida Alejandro Bertello Bollati,Auxiliar Avenida Canta Callao,Avenida Canta Callao,Avenida Pacasmayo,Avenida Los Pinos,Calle Florence,Avenida Carlos Izaguirre,Calle San Carlos,Calle Las Palmeras 2,Calle 22,Alisos,Avenida Colectora,Los Cedros,Avenida Boca Negra,Calle Misionero Carbajal,Misionero Vega,Avenida Tomas Valle,Avenida Peru
Huascaran,Avenida Los Alisos,Jiron Los Pinares,Calle Los Zafiros
Calle Los Zafiros,Huascaran,Calle Las Perlas
Calle Las Perlas,Calle Los Zafiros,Calle Los Topacios,Calle Los Pinos
Girasoles,Avenida Los Alisos,Libertad,Los Claveles
Las Margaritas,Avenida Los Alisos,Las Dalias,Avenida Santa Rosa
Santa Isabel,Avenida Los Alisos,Santa Clara,Santa Sofia,Avenida Santa Rosa
Avenida 200 Millas,Santa Clara,Avenida Los Alisos
San Benito de Palermo,Avenida Santa Rosa,San Felipe,San Pablo
Santa Maria,Avenida Santa Rosa,Las Dalias,Santa Sofia
Santa Sofia,Santa Isabel,Santa Clara,Santa Maria
Santa Clara,Santa Sofia,Avenida 200 Millas
Orquideas,Arequipa,Avenida Santa Rosa
Libertad,Girasoles,Campanillas
Campanillas,Libertad
Tumbes,San Pablo,San Antonio
San Felipe,San Benito De Palermo,San Pablo
San Juan,Avenida Antigua de Pacasmayo
Calle Carhuaz,Calle Los Algarrobos,Calle Caraz
Calle Las Margaritas,Pasaje Las Amapolas,Calle Las Palmeras
Las Torres De Los Olivos,Avenida Josefina
Pisac,Auxiliar Avenida Canta Callao,Calle Ollanta
Calle Ollanta,Pisac,Pasaje Cajamarca,Avenida Canada
Pasaje Cajamarca,Calle Ollanta,Pasaje Piura,Pasaje Tambomachay,Jose Francisco,Pucura,Pasaje Jorge Colque
Avenida Canada,Avenida Canta Callao,Auxiliar Avenida Canta Callao,Avenida San Juan Macias,Calle Ollanta,Pasaje Tambomachay,Pucara,Avenida Elmer Faucett
Pasaje Piura,Pasaje Cajamarca,Pasaje Tambomachay
Pasaje Tambomachay,Pasaje Arequipa,Pasaje Madre De Dios,Pasaje Abancay,Pasaje Cajamarca,Pasaje Piura,Avenida Canada,Pasaje Tumbes
Jose Francisco,Pasaje Piura,Pasaje Cajamarca,Pucara
Pucura,Avenida Canada,Pasaje Piura,Pasaje Cajamarca,Pasaje Abancay,Pasaje Madre De Dios,Avenida Cuzco
Pasaje Jorge Colque,Pasaje Abancay,Pasaje Cajamarca,Pasaje Piura
Avenida San Juan Macias,Avenida Canada,Jiron Tacna,Pasaje Piura,Pasaje Abancay,Avenida Cuzco
Avenida Elmer Faucett,Avenida Canta Callao,Avenida Canada,Avenida Cuzco
Pasaje Arequipa,Pasaje Tambomachay,Avenida Cuzco,Alameda Santa Rosa
Pasaje Tumbes,Pucara,Pasaje Jose Frizancho,Pasaje Tambomachay
Avenida Cuzco,Alameda Santa Rosa,Pucura,Avenida San Juan Macias,Avenida Elmer Faucett
Alameda Santa Rosa,Avenida Cuzco,Pasaje Arequipa
Jiron Tacna,Avenida San Juan Macias,Pucura
Avenida Los Pinos,Avenida Alejandro Bertello Bollati,Pisac
Calle San Carlos,Avenida Alejandro Bertello Bollati
Calle Florence,Avenida Alejandro Bertello Bollati,Manzana D
Manzana D,Calle Florence
Calle Las Palmeras 2,Avenida Alejandro Bertello Bollati,Calle 22,Calle Las Lupuna 3,Calle Las Caobas,Calle Los Cibeles,Pasaje Las Hiedras,Avenida Pacasmayo
Calle 22,Avenida Alejandro Bertello Bollati,Calle Las Lupuna 3,Calle Las Caobas
Calle Miguel Grau,Calle Alfonso Ugarte
Alisos,Avenida Alejandro Bertello Bollati,Los Alhelies,Alfa,Rosales,Guirnaldas,Las Colinas
Avenida Colectora,Avenida Alejandro Bertello Bollati,Calle Las Lupuna 3,Pasaje Los Datiles,Avenida Pacasmayo,Chimabamba
Los Cedros,Avenida Alejandro Bertello Bollati,Guirnaldas,Avenida Elmer Faucett
Avenida Boca Negra,Avenida Elmer Faucett,Avenida Alejandro Bertello Bollati,Avenida Pacasmayo,Pasaje Los Datiles,Avenida Los Nenufares,Avenida Los Dominicos,Avenida Independencia
Calle Misionero Carbajal,Avenida Alejandro Bertello Bollati
Misionero Vega,Avenida Alejandro Bertello Bollati
Avenida Tomas Valle,Avenida Alejandro Bertello Bollati,Avenida Peru,Auxiliar Avenida Tomas Valle,Avenida Los Proceres
Avenida Peru,Avenida Alejandro Bertello Bollati
Calle Las Lupuna 3,Calle Las Palmeras 2,Calle 22,Avenida Colectora
Calle Las Caobas,Calle Las Palmeras 2
Calle Los Cibeles,Calle Las Palmeras 2,Pasaje Los Datiles
Pasaje Las Hiedras,Calle Las Palmeras 2,Pasaje Los Datiles
Pasaje Los Datiles,Calle Los Cibeles,Pasaje Las Hiedras
Los Alhelies,Alisos,Los Pinos
Alfa,Olivar,Los Robles,Alisos,Los Pinos
Olivar,Alfa
Guirnaldas,Los Robles,Alisos,Palmeras,Los Pinos,Los Cedros
Las Colinas,Avenida Elmer Faucett,Los Robles,Alisos,Palmeras,Los Pinos
Palmeras,Las Colinas,Guirnaldas
Los Pinos,Las Colinas,Guirnaldas,Rosales,Alfa,Los Alhelies
Chimabamba,Avenida Colectora,Avenida Pacasmayo
Avenida Los Proceres,Auxiliar Avenida Angelica Gamarra,Avenida Angelica Gamarra,Auxiliar Avenida Tomas Valle,Avenida Tomas Valle,Avenida El Olivar,Calle Cesar Vallejo,Calle Las Retamas,Jiron Los Sauces,Jiron Pedro Genaro Delgado,Avenida German Aguirre,Torre Tagle,Domingo Nieto,Arnaldo Marquez,Ignacio Alvarez Thomas,Jiron Jose Maria Cordova,Avenida Jose Granda
Auxiliar Avenida Angelica Gamarra,Auxiliar Avenida Tomas Valle,Jiron Vizcardo Y Guzman,Avenida 12 De Octubre,Avenida Los Proceres
Avenida Angelica Gamarra,Calle Los Libertadores,Jiron Vizcardo Y Guzman,Avenida 12 De Octubre,Avenida Los Proceres
Auxiliar Avenida Tomas Valle,Jiron Las Codornices,Avenida Los Proceres
Avenida Tomas Valle,Jiron Las Codornices,Avenida Los Proceres,Calle Pedro Unanue,Avenida Universitaria
Avenida El Olivar,Avenida Los Proceres,Jiron Los Codornices,Margaritas
Jiron Los Codornices,Avenida Tomas Valle,Auxiliar Avenida Tomas Valle,El Jilguero,Avenida El Olivar,Margaritas,Los Tumbos,Avenida Condevilla,Calle Las Retamas
Calle Cesar Vallejo,Avenida Los Proceres,Calle Cesar Vallejo,Calle Los Quinuales,Jose Santos Chocano,Pedro Ruiz Gallo,Luis Alberto Sanchez
Calle Las Retamas,Avenida Los Proceres,Jiron Los Codornices,Margaritas
Jiron Los Sauces,Avenida Los Proceres,Calle Los Quinuales
Jiron Pedro Genaro Delgado,Avenida Los Proceres,Torre Tagle,Andres Avelino Caceres,Thomas Cochrane,Avenida Jose Granda
Avenida German Aguirre,Avenida Los Proceres,Jose Santos Chocano,Magnolias,Pedro Ruiz Gallo,Luis Alberto Sanchez,Ferre,Canta,Nicanor Asin,Jiron Leoncio Prado,Clemente Palma,Jiron Isolina Soto,Avenida Universitaria
Jose Santos Chocano,Avenida German Aguirre
Magnolias,Avenida German Aguirre
Pedro Ruiz Gallo,Avenida German Aguirre
Luis Alberto Sanchez,Avenida German Aguirre
Ferre,Avenida German Aguirre
Canta,Avenida German Aguirre
Nicanor Asin,Avenida German Aguirre
Jiron Leoncio Prado,Avenida German Aguirre
Torre Tagle,Jose Santos Chocano,Avenida Los Proceres,Jiron Leonardo Ortiz Salcedo,Jiron Pedro Genaro Delgado
Domingo Nieto,Avenida Los Proceres,Jose Santos Chocano
Arnaldo Marquez,Avenida Los Proceres,Pedro Bermudez,Agustin Gamarra
Ignacio Alvarez Thomas,Avenida Los Proceres,Pedro Bermudez,Jose Galvez,Jiron Leonardo Ortiz Salcedo
Jiron Jose Maria Cordova,Avenida Los Proceres,Jose Galvez,Quijano Lazo,Mendiburu Y Bonet,Toribio de Luzuriaga
Avenida Jose Granda,Jiron Pedro Genaro Delgado,Jose M Eguren,Manuel Telleria,Avenida Los Proceres,Avenida 12 De Octubre,Jose Galvez,Manuel Bonilla,Toribio de Luzuriaga,Jiron Sergio Bernales,Alameda Canta,Jose Maria Barreto,Emilio De La Barrera,Jiron Pedro Silva,Oscar Bernechea,Navarro Del Agulla,Jiron Victor Navarro,Jiron Enrique Arnaez,Jiron Guillermo Ramsey,Calle German Aparicio Gomez Sanchez,Paz Soldan,Jiron Pedro Irigoyen,Miguel Aljovin,Avenida Universitaria
Jiron Pedro Genaro Delgado,Avenida Jose Granda
Jose M Eguren,Avenida Jose Granda
Manuel Telleria,Avenida Jose Granda
Avenida 12 De Octubre,Avenida Jose Granda
Jose Galvez,Avenida Jose Granda
Manuel Bonilla,Avenida Jose Granda
Toribio de Luzuriaga,Avenida Jose Granda
Jiron Sergio Bernales,Avenida Jose Granda
Alameda Canta,Avenida Jose Granda
Jose Maria Barreto,Avenida Jose Granda
Emilio De La Barrera,Avenida Jose Granda
Jiron Pedro Silva,Avenida Jose Granda
Oscar Bernechea,Avenida Jose Granda
Navarro Del Agulla,Avenida Jose Granda
Jiron Victor Navarro,Avenida Jose Granda
Jiron Enrique Arnaez,Avenida Jose Granda
Jiron Guillermo Ramsey,Avenida Jose Granda
Calle German Aparicio Gomez Sanchez,Avenida Jose Granda
Paz Soldan,Avenida Jose Granda
Jiron Pedro Irigoyen,Avenida Jose Granda
Miguel Aljovin,Avenida Jose Granda
Avenida Universitaria,Avenida Jose Granda
